<?xml version="1.0" encoding="UTF-8"?>
<!DOCTYPE properties SYSTEM "http://java.sun.com/dtd/properties.dtd">
<properties>
  <comment>
    $Id: SBMLCoreElements.xml 792 2011-09-08 12:44:49Z andreas-draeger $
    $URL: https://jsbml.svn.sourceforge.net/svnroot/jsbml/branches/jsbml-0.8/resources/org/sbml/jsbml/resources/cfg/SBMLCoreElements.xml $
    ----------------------------------------------------------------------------
    This file is part of JSBML. Please visit http://sbml.org/Software/JSBML
    for the latest version of JSBML and more information about SBML.

    Copyright (C) 2009-2011 jointly by the following organizations:
    1. The University of Tuebingen, Germany
    2. EMBL European Bioinformatics Institute (EBML-EBI), Hinxton, UK
    3. The California Institute of Technology, Pasadena, CA, USA

    This library is free software; you can redistribute it and/or modify it
    under the terms of the GNU Lesser General Public License as published by
    the Free Software Foundation. A copy of the license agreement is provided
    in the file named "LICENSE.txt" included with this software distribution
    and also available online as http://sbml.org/Software/JSBML/License.
    ----------------------------------------------------------------------------

    Mapping between SBML core element names and their representation
    as JSBML classes.

    Version: $Rev: 792 $
  </comment>
  <entry key="algebraicRule">org.sbml.jsbml.AlgebraicRule</entry>
  <entry key="annotation">org.sbml.jsbml.Annotation</entry>
  <entry key="assignmentRule">org.sbml.jsbml.AssignmentRule</entry>
  <entry key="compartment">org.sbml.jsbml.Compartment</entry>
  <entry key="compartmentType">org.sbml.jsbml.CompartmentType</entry>
  <entry key="compartmentVolumeRule">org.sbml.jsbml.xml.parsers.SBMLLevel1Rule</entry>
  <entry key="constraint">org.sbml.jsbml.Constraint</entry>
  <entry key="delay">org.sbml.jsbml.Delay</entry>
  <entry key="event">org.sbml.jsbml.Event</entry>
  <entry key="eventAssignment">org.sbml.jsbml.EventAssignment</entry>
  <entry key="functionDefinition">org.sbml.jsbml.FunctionDefinition</entry>
  <entry key="initialAssignment">org.sbml.jsbml.InitialAssignment</entry>
  <entry key="kineticLaw">org.sbml.jsbml.KineticLaw</entry>
  <entry key="listOfCompartments">org.sbml.jsbml.ListOf</entry>
  <entry key="listOfCompartmentTypes">org.sbml.jsbml.ListOf</entry>
  <entry key="listOfConstraints">org.sbml.jsbml.ListOf</entry>
  <entry key="listOfEvents">org.sbml.jsbml.ListOf</entry>
  <entry key="listOfEventAssignments">org.sbml.jsbml.ListOf</entry>
  <entry key="listOfFunctionDefinitions">org.sbml.jsbml.ListOf</entry>
  <entry key="listOfInitialAssignments">org.sbml.jsbml.ListOf</entry>
  <entry key="listOfLocalParameters">org.sbml.jsbml.ListOf</entry>
  <entry key="listOfModifiers">org.sbml.jsbml.ListOf</entry>
  <entry key="listOfParameters">org.sbml.jsbml.ListOf</entry>
  <entry key="listOfProducts">org.sbml.jsbml.ListOf</entry>
  <entry key="listOfRules">org.sbml.jsbml.ListOf</entry>
  <entry key="listOfReactants">org.sbml.jsbml.ListOf</entry>
  <entry key="listOfReactions">org.sbml.jsbml.ListOf</entry>
  <entry key="listOfSpecies">org.sbml.jsbml.ListOf</entry>
  <entry key="listOfSpeciesTypes">org.sbml.jsbml.ListOf</entry>
  <entry key="listOfUnits">org.sbml.jsbml.ListOf</entry>
  <entry key="listOfUnitDefinitions">org.sbml.jsbml.ListOf</entry>
  <entry key="localParameter">org.sbml.jsbml.LocalParameter</entry>
  <entry key="math">java.lang.StringBuffer</entry>
  <entry key="message">java.lang.StringBuffer</entry>
  <entry key="model">org.sbml.jsbml.Model</entry>
  <entry key="modifierSpeciesReference">org.sbml.jsbml.ModifierSpeciesReference</entry>
  <entry key="notes">java.lang.StringBuffer</entry>
  <entry key="parameter">org.sbml.jsbml.Parameter</entry>
  <entry key="parameterRule">org.sbml.jsbml.xml.parsers.SBMLLevel1Rule</entry>
  <entry key="priority">org.sbml.jsbml.Priority</entry>
  <entry key="rateRule">org.sbml.jsbml.RateRule</entry>
  <entry key="reaction">org.sbml.jsbml.Reaction</entry>
  <entry key="specie">org.sbml.jsbml.Species</entry>
  <entry key="specieConcentrationRule">org.sbml.jsbml.xml.parsers.SBMLLevel1Rule</entry>
  <entry key="specieReference">org.sbml.jsbml.SpeciesReference</entry>
  <entry key="species">org.sbml.jsbml.Species</entry>
  <entry key="speciesConcentrationRule">org.sbml.jsbml.xml.parsers.SBMLLevel1Rule</entry>
  <entry key="speciesReference">org.sbml.jsbml.SpeciesReference</entry>
  <entry key="speciesType">org.sbml.jsbml.SpeciesType</entry>
  <entry key="stoichiometryMath">org.sbml.jsbml.StoichiometryMath</entry>
  <entry key="trigger">org.sbml.jsbml.Trigger</entry>
  <entry key="unit">org.sbml.jsbml.Unit</entry>
  <entry key="unitDefinition">org.sbml.jsbml.UnitDefinition</entry>
</properties>
